[
{
  "model": "memrise.course",
  "pk": 1987730,
  "fields": {
    "name": "Adjective Complex",
    "url": "/course/1987730/adjective-complex/",
    "difficult": 6,
    "num_things": 19,
    "num_levels": 7,
    "difficult_url": "/course/1987730/adjective-complex/difficult-items/"
  }
},
{
  "model": "memrise.course",
  "pk": 2147115,
  "fields": {
    "name": "Adverb Complex",
    "url": "/course/2147115/adverb-complex/",
    "difficult": 1,
    "num_things": 10,
    "num_levels": 3,
    "difficult_url": "/course/2147115/adverb-complex/difficult-items/"
  }
},
{
  "model": "memrise.course",
  "pk": 2147124,
  "fields": {
    "name": "Noun Complex",
    "url": "/course/2147124/noun-complex/",
    "difficult": 41,
    "num_things": 627,
    "num_levels": 6,
    "difficult_url": "/course/2147124/noun-complex/difficult-items/"
  }
},
{
  "model": "memrise.course",
  "pk": 2147132,
  "fields": {
    "name": "Verb Complex",
    "url": "/course/2147132/verb-complex/",
    "difficult": 2,
    "num_things": 21,
    "num_levels": 10,
    "difficult_url": "/course/2147132/verb-complex/difficult-items/"
  }
},
{
  "model": "memrise.course",
  "pk": 5605650,
  "fields": {
    "name": "Animals",
    "url": "/course/5605650/animals/",
    "difficult": 1,
    "num_things": 8,
    "num_levels": 3,
    "difficult_url": "/course/5605650/animals/difficult-items/"
  }
},
{
  "model": "memrise.level",
  "pk": 1,
  "fields": {
    "number": 1,
    "name": "New level",
    "course": 1987730
  }
},
{
  "model": "memrise.level",
  "pk": 2,
  "fields": {
    "number": 2,
    "name": "New level",
    "course": 1987730
  }
},
{
  "model": "memrise.level",
  "pk": 3,
  "fields": {
    "number": 3,
    "name": "New level",
    "course": 1987730
  }
},
{
  "model": "memrise.level",
  "pk": 4,
  "fields": {
    "number": 4,
    "name": "New level",
    "course": 1987730
  }
},
{
  "model": "memrise.level",
  "pk": 5,
  "fields": {
    "number": 5,
    "name": "New level",
    "course": 1987730
  }
},
{
  "model": "memrise.level",
  "pk": 6,
  "fields": {
    "number": 6,
    "name": "New level",
    "course": 1987730
  }
},
{
  "model": "memrise.level",
  "pk": 7,
  "fields": {
    "number": 7,
    "name": "New level",
    "course": 1987730
  }
},
{
  "model": "memrise.level",
  "pk": 52,
  "fields": {
    "number": 1,
    "name": "1 - 20",
    "course": 2147115
  }
},
{
  "model": "memrise.level",
  "pk": 53,
  "fields": {
    "number": 2,
    "name": "21 - 40",
    "course": 2147115
  }
},
{
  "model": "memrise.level",
  "pk": 54,
  "fields": {
    "number": 3,
    "name": "41 - 60",
    "course": 2147115
  }
},
{
  "model": "memrise.level",
  "pk": 61,
  "fields": {
    "number": 1,
    "name": "New level",
    "course": 2147124
  }
},
{
  "model": "memrise.level",
  "pk": 62,
  "fields": {
    "number": 2,
    "name": "New level",
    "course": 2147124
  }
},
{
  "model": "memrise.level",
  "pk": 63,
  "fields": {
    "number": 3,
    "name": "New level",
    "course": 2147124
  }
},
{
  "model": "memrise.level",
  "pk": 64,
  "fields": {
    "number": 4,
    "name": "New level",
    "course": 2147124
  }
},
{
  "model": "memrise.level",
  "pk": 65,
  "fields": {
    "number": 5,
    "name": "New level",
    "course": 2147124
  }
},
{
  "model": "memrise.level",
  "pk": 66,
  "fields": {
    "number": 6,
    "name": "New level",
    "course": 2147124
  }
},
{
  "model": "memrise.level",
  "pk": 97,
  "fields": {
    "number": 1,
    "name": "1 - 20",
    "course": 2147132
  }
},
{
  "model": "memrise.level",
  "pk": 98,
  "fields": {
    "number": 2,
    "name": "21 - 40",
    "course": 2147132
  }
},
{
  "model": "memrise.level",
  "pk": 99,
  "fields": {
    "number": 3,
    "name": "41 - 60",
    "course": 2147132
  }
},
{
  "model": "memrise.level",
  "pk": 100,
  "fields": {
    "number": 4,
    "name": "61 - 80",
    "course": 2147132
  }
},
{
  "model": "memrise.level",
  "pk": 101,
  "fields": {
    "number": 5,
    "name": "81 - 100",
    "course": 2147132
  }
},
{
  "model": "memrise.level",
  "pk": 102,
  "fields": {
    "number": 6,
    "name": "101 - 120",
    "course": 2147132
  }
},
{
  "model": "memrise.level",
  "pk": 103,
  "fields": {
    "number": 7,
    "name": "121 - 140",
    "course": 2147132
  }
},
{
  "model": "memrise.level",
  "pk": 104,
  "fields": {
    "number": 8,
    "name": "141 - 160",
    "course": 2147132
  }
},
{
  "model": "memrise.level",
  "pk": 105,
  "fields": {
    "number": 9,
    "name": "161 - 180",
    "course": 2147132
  }
},
{
  "model": "memrise.level",
  "pk": 106,
  "fields": {
    "number": 10,
    "name": "181 - 200",
    "course": 2147132
  }
},
{
  "model": "memrise.level",
  "pk": 137,
  "fields": {
    "number": 1,
    "name": "Safari and Exotic Animals",
    "course": 5605650
  }
},
{
  "model": "memrise.level",
  "pk": 138,
  "fields": {
    "number": 2,
    "name": "About Animals",
    "course": 5605650
  }
},
{
  "model": "memrise.level",
  "pk": 139,
  "fields": {
    "number": 3,
    "name": "Birds",
    "course": 5605650
  }
},
{
  "model": "memrise.url",
  "pk": 1,
  "fields": {
    "name": "/course/1987730/adjective-complex/1",
    "course_url": 1987730
  }
},
{
  "model": "memrise.url",
  "pk": 2,
  "fields": {
    "name": "/course/1987730/adjective-complex/2",
    "course_url": 1987730
  }
},
{
  "model": "memrise.url",
  "pk": 3,
  "fields": {
    "name": "/course/1987730/adjective-complex/3",
    "course_url": 1987730
  }
},
{
  "model": "memrise.url",
  "pk": 4,
  "fields": {
    "name": "/course/1987730/adjective-complex/4",
    "course_url": 1987730
  }
},
{
  "model": "memrise.url",
  "pk": 5,
  "fields": {
    "name": "/course/1987730/adjective-complex/5",
    "course_url": 1987730
  }
},
{
  "model": "memrise.url",
  "pk": 6,
  "fields": {
    "name": "/course/1987730/adjective-complex/6",
    "course_url": 1987730
  }
},
{
  "model": "memrise.url",
  "pk": 7,
  "fields": {
    "name": "/course/1987730/adjective-complex/7",
    "course_url": 1987730
  }
},
{
  "model": "memrise.url",
  "pk": 52,
  "fields": {
    "name": "/course/2147115/adverb-complex/1",
    "course_url": 2147115
  }
},
{
  "model": "memrise.url",
  "pk": 53,
  "fields": {
    "name": "/course/2147115/adverb-complex/2",
    "course_url": 2147115
  }
},
{
  "model": "memrise.url",
  "pk": 54,
  "fields": {
    "name": "/course/2147115/adverb-complex/3",
    "course_url": 2147115
  }
},
{
  "model": "memrise.url",
  "pk": 61,
  "fields": {
    "name": "/course/2147124/noun-complex/1",
    "course_url": 2147124
  }
},
{
  "model": "memrise.url",
  "pk": 62,
  "fields": {
    "name": "/course/2147124/noun-complex/2",
    "course_url": 2147124
  }
},
{
  "model": "memrise.url",
  "pk": 63,
  "fields": {
    "name": "/course/2147124/noun-complex/3",
    "course_url": 2147124
  }
},
{
  "model": "memrise.url",
  "pk": 64,
  "fields": {
    "name": "/course/2147124/noun-complex/4",
    "course_url": 2147124
  }
},
{
  "model": "memrise.url",
  "pk": 65,
  "fields": {
    "name": "/course/2147124/noun-complex/5",
    "course_url": 2147124
  }
},
{
  "model": "memrise.url",
  "pk": 66,
  "fields": {
    "name": "/course/2147124/noun-complex/6",
    "course_url": 2147124
  }
},
{
  "model": "memrise.url",
  "pk": 97,
  "fields": {
    "name": "/course/2147132/verb-complex/1",
    "course_url": 2147132
  }
},
{
  "model": "memrise.url",
  "pk": 98,
  "fields": {
    "name": "/course/2147132/verb-complex/2",
    "course_url": 2147132
  }
},
{
  "model": "memrise.url",
  "pk": 99,
  "fields": {
    "name": "/course/2147132/verb-complex/3",
    "course_url": 2147132
  }
},
{
  "model": "memrise.url",
  "pk": 100,
  "fields": {
    "name": "/course/2147132/verb-complex/4",
    "course_url": 2147132
  }
},
{
  "model": "memrise.url",
  "pk": 101,
  "fields": {
    "name": "/course/2147132/verb-complex/5",
    "course_url": 2147132
  }
},
{
  "model": "memrise.url",
  "pk": 102,
  "fields": {
    "name": "/course/2147132/verb-complex/6",
    "course_url": 2147132
  }
},
{
  "model": "memrise.url",
  "pk": 103,
  "fields": {
    "name": "/course/2147132/verb-complex/7",
    "course_url": 2147132
  }
},
{
  "model": "memrise.url",
  "pk": 104,
  "fields": {
    "name": "/course/2147132/verb-complex/8",
    "course_url": 2147132
  }
},
{
  "model": "memrise.url",
  "pk": 105,
  "fields": {
    "name": "/course/2147132/verb-complex/9",
    "course_url": 2147132
  }
},
{
  "model": "memrise.url",
  "pk": 106,
  "fields": {
    "name": "/course/2147132/verb-complex/10",
    "course_url": 2147132
  }
},
{
  "model": "memrise.url",
  "pk": 137,
  "fields": {
    "name": "/course/5605650/animals/1",
    "course_url": 5605650
  }
},
{
  "model": "memrise.url",
  "pk": 138,
  "fields": {
    "name": "/course/5605650/animals/2",
    "course_url": 5605650
  }
},
{
  "model": "memrise.url",
  "pk": 139,
  "fields": {
    "name": "/course/5605650/animals/3",
    "course_url": 5605650
  }
},
{
  "model": "memrise.word",
  "pk": 204850790,
  "fields": {
    "word_a": "fair",
    "word_b": "\u0441\u043f\u0440\u0430\u0432\u0435\u0434\u043b\u0438\u0432\u044b\u0439, \u0447\u0435\u0441\u0442\u043d\u044b\u0439",
    "level": 1
  }
},
{
  "model": "memrise.word",
  "pk": 204850795,
  "fields": {
    "word_a": "nasty",
    "word_b": "\u043c\u0435\u0440\u0437\u043a\u0438\u0439, \u043f\u0440\u043e\u0442\u0438\u0432\u043d\u044b\u0439, \u043d\u0435\u043f\u0440\u0438\u044f\u0442\u043d\u044b\u0439",
    "level": 1
  }
},
{
  "model": "memrise.word",
  "pk": 204850798,
  "fields": {
    "word_a": "rough",
    "word_b": "\u0433\u0440\u0443\u0431\u044b\u0439",
    "level": 1
  }
},
{
  "model": "memrise.word",
  "pk": 204850807,
  "fields": {
    "word_a": "vital",
    "word_b": "\u0436\u0438\u0437\u043d\u0435\u043d\u043d\u043e \u0432\u0430\u0436\u043d\u044b\u0439",
    "level": 1
  }
},
{
  "model": "memrise.word",
  "pk": 204850898,
  "fields": {
    "word_a": "irregular",
    "word_b": "\u043d\u0435\u043f\u0440\u0430\u0432\u0438\u043b\u044c\u043d\u044b\u0439, \u043d\u0435\u0441\u0442\u0430\u043d\u0434\u0430\u0440\u0442\u043d\u044b\u0439",
    "level": 2
  }
},
{
  "model": "memrise.word",
  "pk": 204850899,
  "fields": {
    "word_a": "independent",
    "word_b": "\u043d\u0435\u0437\u0430\u0432\u0438\u0441\u0438\u043c\u044b\u0439, \u0441\u0430\u043c\u043e\u0441\u0442\u043e\u044f\u0442\u0435\u043b\u044c\u043d\u044b\u0439",
    "level": 2
  }
},
{
  "model": "memrise.word",
  "pk": 204850900,
  "fields": {
    "word_a": "proper",
    "word_b": "\u043d\u0430\u0434\u043b\u0435\u0436\u0430\u0449\u0438\u0439, \u043f\u0440\u0430\u0432\u0438\u043b\u044c\u043d\u044b\u0439",
    "level": 2
  }
},
{
  "model": "memrise.word",
  "pk": 204857126,
  "fields": {
    "word_a": "terrified",
    "word_b": "\u0432 \u0443\u0436\u0430\u0441\u0435",
    "level": 3
  }
},
{
  "model": "memrise.word",
  "pk": 204857127,
  "fields": {
    "word_a": "touching",
    "word_b": "\u0442\u0440\u043e\u0433\u0430\u0442\u0435\u043b\u044c\u043d\u044b\u0439",
    "level": 3
  }
},
{
  "model": "memrise.word",
  "pk": 204857128,
  "fields": {
    "word_a": "confident",
    "word_b": "\u0443\u0432\u0435\u0440\u0435\u043d\u043d\u044b\u0439",
    "level": 3
  }
},
{
  "model": "memrise.word",
  "pk": 204857129,
  "fields": {
    "word_a": "creative",
    "word_b": "\u0442\u0432\u043e\u0440\u0447\u0435\u0441\u043a\u0438\u0439",
    "level": 3
  }
},
{
  "model": "memrise.word",
  "pk": 204857074,
  "fields": {
    "word_a": "content",
    "word_b": "\u0443\u0434\u043e\u0432\u043b\u0435\u0442\u0432\u043e\u0440\u0435\u043d\u043d\u044b\u0439, \u0434\u043e\u0432\u043e\u043b\u044c\u043d\u044b\u0439",
    "level": 4
  }
},
{
  "model": "memrise.word",
  "pk": 204857075,
  "fields": {
    "word_a": "calm",
    "word_b": "\u0441\u043f\u043e\u043a\u043e\u0439\u043d\u044b\u0439, \u043d\u0435\u0432\u043e\u0437\u043c\u0443\u0442\u0438\u043c\u044b\u0439",
    "level": 4
  }
},
{
  "model": "memrise.word",
  "pk": 204857225,
  "fields": {
    "word_a": "impolite",
    "word_b": "\u043d\u0435\u0432\u0435\u0436\u043b\u0438\u0432\u044b\u0439, \u043d\u0435\u0443\u0447\u0442\u0438\u0432\u044b\u0439",
    "level": 5
  }
},
{
  "model": "memrise.word",
  "pk": 204857226,
  "fields": {
    "word_a": "amusing",
    "word_b": "\u0437\u0430\u043d\u0438\u043c\u0430\u0442\u0435\u043b\u044c\u043d\u044b\u0439, \u0437\u0430\u0431\u0430\u0432\u043d\u044b\u0439",
    "level": 5
  }
},
{
  "model": "memrise.word",
  "pk": 204857296,
  "fields": {
    "word_a": "disturbed",
    "word_b": "\u043d\u0430\u0440\u0443\u0448\u0435\u043d\u043d\u044b\u0439, \u0432\u0441\u0442\u0440\u0435\u0432\u043e\u0436\u0435\u043d\u043d\u044b\u0439",
    "level": 6
  }
},
{
  "model": "memrise.word",
  "pk": 204857277,
  "fields": {
    "word_a": "stationary",
    "word_b": "\u043d\u0435\u043f\u043e\u0434\u0432\u0438\u0436\u043d\u044b\u0439, \u0437\u0430\u043a\u0440\u0435\u043f\u043b\u0435\u043d\u043d\u044b\u0439",
    "level": 6
  }
},
{
  "model": "memrise.word",
  "pk": 204891977,
  "fields": {
    "word_a": "demanding",
    "word_b": "\u0442\u0440\u0435\u0431\u043e\u0432\u0430\u0442\u0435\u043b\u044c\u043d\u044b\u0439",
    "level": 7
  }
},
{
  "model": "memrise.word",
  "pk": 204891983,
  "fields": {
    "word_a": "hateful",
    "word_b": "\u0437\u043b\u043e\u0431\u043d\u044b\u0439, \u043d\u0435\u043d\u0430\u0432\u0438\u0441\u0442\u043d\u044b\u0439, \u043e\u0442\u0432\u0440\u0430\u0442\u0438\u0442\u0435\u043b\u044c\u043d\u044b\u0439",
    "level": 7
  }
},
  {
  "model": "memrise.word",
  "pk": 204871421,
  "fields": {
    "word_a": "then",
    "word_b": "\u043f\u043e\u0442\u043e\u043c, \u0434\u0430\u043b\u0435\u0435",
    "level": 52
  }
},
{
  "model": "memrise.word",
  "pk": 204871423,
  "fields": {
    "word_a": "late",
    "word_b": "\u043f\u043e\u0437\u0434\u043d\u043e",
    "level": 52
  }
},
{
  "model": "memrise.word",
  "pk": 204871424,
  "fields": {
    "word_a": "soon",
    "word_b": "\u0441\u043a\u043e\u0440\u043e",
    "level": 52
  }
},
{
  "model": "memrise.word",
  "pk": 204871492,
  "fields": {
    "word_a": "despite",
    "word_b": "\u0432\u043e\u043f\u0440\u0435\u043a\u0438, \u043d\u0435\u0441\u043c\u043e\u0442\u0440\u044f \u043d\u0430",
    "level": 53
  }
},
{
  "model": "memrise.word",
  "pk": 204871493,
  "fields": {
    "word_a": "within",
    "word_b": "\u0432 \u043f\u0440\u0435\u0434\u0435\u043b\u0430\u0445, \u0432\u043d\u0443\u0442\u0440\u0438",
    "level": 53
  }
},
{
  "model": "memrise.word",
  "pk": 204871494,
  "fields": {
    "word_a": "whether",
    "word_b": "\u043b\u0438, \u043a\u043e\u0442\u043e\u0440\u044b\u0439",
    "level": 53
  }
},
{
  "model": "memrise.word",
  "pk": 204871578,
  "fields": {
    "word_a": "around",
    "word_b": "\u0432\u043e\u043a\u0440\u0443\u0433, \u043e\u043a\u043e\u043b\u043e",
    "level": 54
  }
},
{
  "model": "memrise.word",
  "pk": 204871579,
  "fields": {
    "word_a": "through",
    "word_b": "\u0447\u0435\u0440\u0435\u0437, \u0441\u043a\u0432\u043e\u0437\u044c",
    "level": 54
  }
},
{
  "model": "memrise.word",
  "pk": 204871580,
  "fields": {
    "word_a": "near",
    "word_b": "\u0432\u043e\u0437\u043b\u0435, \u0431\u043b\u0438\u0437\u043a\u043e, \u043f\u043e\u0447\u0442\u0438",
    "level": 54
  }
},
{
  "model": "memrise.word",
  "pk": 204871581,
  "fields": {
    "word_a": "there",
    "word_b": "\u0442\u0430\u043c, \u0442\u0443\u0434\u0430",
    "level": 54
  }
},
{
  "model": "memrise.word",
  "pk": 204871826,
  "fields": {
    "word_a": "a reward",
    "word_b": "\u043d\u0430\u0433\u0440\u0430\u0434\u0430, \u0432\u043e\u0437\u043d\u0430\u0433\u0440\u0430\u0436\u0434\u0435\u043d\u0438\u0435",
    "level": 61
  }
},
{
  "model": "memrise.word",
  "pk": 204871827,
  "fields": {
    "word_a": "an effort",
    "word_b": "\u0443\u0441\u0438\u043b\u0438\u0435, \u0441\u0442\u0430\u0440\u0430\u043d\u0438\u0435",
    "level": 61
  }
},
{
  "model": "memrise.word",
  "pk": 204871872,
  "fields": {
    "word_a": "a belief",
    "word_b": "\u0432\u0435\u0440\u0430, \u0443\u0431\u0435\u0436\u0434\u0435\u043d\u0438\u0435",
    "level": 62
  }
},
{
  "model": "memrise.word",
  "pk": 204871873,
  "fields": {
    "word_a": "an honesty",
    "word_b": "\u0447\u0435\u0441\u0442\u043d\u043e\u0441\u0442\u044c",
    "level": 62
  }
},
{
  "model": "memrise.word",
  "pk": 204871906,
  "fields": {
    "word_a": "a cheer",
    "word_b": "\u043f\u0440\u0438\u0432\u0435\u0442\u0441\u0442\u0432\u0438\u0435",
    "level": 63
  }
},
{
  "model": "memrise.word",
  "pk": 204871907,
  "fields": {
    "word_a": "an advance",
    "word_b": "\u043f\u0440\u043e\u0434\u0432\u0438\u0436\u0435\u043d\u0438\u0435, \u0434\u0432\u0438\u0436\u0435\u043d\u0438\u0435 \u0432\u043f\u0435\u0440\u0435\u0434",
    "level": 63
  }
},
{
  "model": "memrise.word",
  "pk": 204871937,
  "fields": {
    "word_a": "an agenda",
    "word_b": "\u043f\u043e\u0432\u0435\u0441\u0442\u043a\u0430 \u0434\u043d\u044f",
    "level": 64
  }
},
{
  "model": "memrise.word",
  "pk": 204871938,
  "fields": {
    "word_a": "a constraint",
    "word_b": "\u043e\u0433\u0440\u0430\u043d\u0438\u0447\u0435\u043d\u0438\u0435, \u0441\u043a\u043e\u0432\u0430\u043d\u043d\u043e\u0441\u0442\u044c, \u043f\u0440\u0438\u043d\u0443\u0436\u0434\u0435\u043d\u0438\u0435",
    "level": 64
  }
},
{
  "model": "memrise.word",
  "pk": 204871969,
  "fields": {
    "word_a": "a reply",
    "word_b": "\u043e\u0442\u0432\u0435\u0442 (\u043d\u0430 \u0432\u044b\u0441\u043a\u0430\u0437\u044b\u0432\u0430\u043d\u0438\u0435)",
    "level": 65
  }
},
{
  "model": "memrise.word",
  "pk": 204871970,
  "fields": {
    "word_a": "a shout",
    "word_b": "\u043a\u0440\u0438\u043a",
    "level": 65
  }
},
{
  "model": "memrise.word",
  "pk": 204872022,
  "fields": {
    "word_a": "an attitude",
    "word_b": "\u043e\u0442\u043d\u043e\u0448\u0435\u043d\u0438\u0435, \u043f\u043e\u0437\u0438\u0446\u0438\u044f, \u043f\u043e\u0434\u0445\u043e\u0434, \u043f\u043e\u0432\u0435\u0434\u0435\u043d\u0438\u0435, \u043d\u0430\u0441\u0442\u0440\u043e\u0439",
    "level": 66
  }
},
{
  "model": "memrise.word",
  "pk": 204872023,
  "fields": {
    "word_a": "an article",
    "word_b": "\u0441\u0442\u0430\u0442\u044c\u044f",
    "level": 66
  }
},
{
  "model": "memrise.word",
  "pk": 204872629,
  "fields": {
    "word_a": "to adjust",
    "word_b": "\u0440\u0435\u0433\u0443\u043b\u0438\u0440\u043e\u0432\u0430\u0442\u044c, \u043f\u0440\u0438\u0441\u043f\u043e\u0441\u0430\u0431\u043b\u0438\u0432\u0430\u0442\u044c\u0441\u044f",
    "level": 97
  }
},
{
  "model": "memrise.word",
  "pk": 204872630,
  "fields": {
    "word_a": "to bother",
    "word_b": "\u0431\u0435\u0441\u043f\u043e\u043a\u043e\u0438\u0442\u044c, \u043d\u0430\u0434\u043e\u0435\u0434\u0430\u0442\u044c",
    "level": 97
  }
},
{
  "model": "memrise.word",
  "pk": 204872631,
  "fields": {
    "word_a": "to compare",
    "word_b": "\u0441\u0440\u0430\u0432\u043d\u0438\u0432\u0430\u0442\u044c, \u0441\u0432\u0435\u0440\u044f\u0442\u044c, \u0441\u043e\u043e\u0442\u043d\u043e\u0441\u0438\u0442\u044c , \u0441\u0432\u0435\u0440\u044f\u0442\u044c, \u0441\u043e\u043e\u0442\u043d\u043e\u0441\u0438\u0442\u044c",
    "level": 98
  }
},
{
  "model": "memrise.word",
  "pk": 204872632,
  "fields": {
    "word_a": "to decide",
    "word_b": "\u0440\u0435\u0448\u0430\u0442\u044c (\u043f\u0440\u0438\u043d\u0438\u043c\u0430\u0442\u044c \u0440\u0435\u0448\u0435\u043d\u0438\u0435)",
    "level": 98
  }
},
{
  "model": "memrise.word",
  "pk": 204872633,
  "fields": {
    "word_a": "to disappoint",
    "word_b": "\u0440\u0430\u0437\u043e\u0447\u0430\u0440\u043e\u0432\u044b\u0432\u0430\u0442\u044c",
    "level": 99
  }
},
{
  "model": "memrise.word",
  "pk": 204872634,
  "fields": {
    "word_a": "to distract",
    "word_b": "\u043e\u0442\u0432\u043b\u0435\u043a\u0430\u0442\u044c, \u0441\u0431\u0438\u0432\u0430\u0442\u044c \u0441 \u0442\u043e\u043b\u043a\u0443, \u0443\u0432\u043e\u0434\u0438\u0442\u044c \u0432 \u0441\u0442\u043e\u0440\u043e\u043d\u0443",
    "level": 99
  }
},
{
  "model": "memrise.word",
  "pk": 204872635,
  "fields": {
    "word_a": "to drip",
    "word_b": "\u043a\u0430\u043f\u0430\u0442\u044c, \u0441\u0442\u0435\u043a\u0430\u0442\u044c",
    "level": 100
  }
},
{
  "model": "memrise.word",
  "pk": 204872636,
  "fields": {
    "word_a": "to earn",
    "word_b": "\u0437\u0430\u0440\u0430\u0431\u0430\u0442\u044b\u0432\u0430\u0442\u044c",
    "level": 100
  }
},
{
  "model": "memrise.word",
  "pk": 204872637,
  "fields": {
    "word_a": "to forbid",
    "word_b": "\u0437\u0430\u043f\u0440\u0435\u0449\u0430\u0442\u044c",
    "level": 101
  }
},
{
  "model": "memrise.word",
  "pk": 204872638,
  "fields": {
    "word_a": "to grab",
    "word_b": "\u0445\u0432\u0430\u0442\u0430\u0442\u044c",
    "level": 101
  }
},
{
  "model": "memrise.word",
  "pk": 204872639,
  "fields": {
    "word_a": "to interrupt",
    "word_b": "\u043f\u0440\u0435\u0440\u044b\u0432\u0430\u0442\u044c",
    "level": 102
  }
},
{
  "model": "memrise.word",
  "pk": 204872640,
  "fields": {
    "word_a": "to lay",
    "word_b": "\u043a\u043b\u0430\u0441\u0442\u044c",
    "level": 102
  }
},
{
  "model": "memrise.word",
  "pk": 204872641,
  "fields": {
    "word_a": "to pour",
    "word_b": "\u043b\u0438\u0442\u044c (\u043e \u0432\u043e\u0434\u0435, \u0441\u0432\u0435\u0442\u0435), \u0441\u044b\u043f\u0430\u0442\u044c, \u043d\u0430\u043b\u0438\u0432\u0430\u0442\u044c",
    "level": 103
  }
},
{
  "model": "memrise.word",
  "pk": 204872642,
  "fields": {
    "word_a": "to provide",
    "word_b": "\u043f\u0440\u0435\u0434\u043e\u0441\u0442\u0430\u0432\u043b\u044f\u0442\u044c, \u043e\u0431\u0435\u0441\u043f\u0435\u0447\u0438\u0432\u0430\u0442\u044c, \u0434\u0430\u0432\u0430\u0442\u044c",
    "level": 103
  }
},
{
  "model": "memrise.word",
  "pk": 204872644,
  "fields": {
    "word_a": "to resist",
    "word_b": "\u0441\u043e\u043f\u0440\u043e\u0442\u0438\u0432\u043b\u044f\u0442\u044c\u0441\u044f",
    "level": 104
  }
},
{
  "model": "memrise.word",
  "pk": 204872645,
  "fields": {
    "word_a": "to rub",
    "word_b": "\u0442\u0435\u0440\u0435\u0442\u044c, \u0442\u0435\u0440\u0435\u0442\u044c\u0441\u044f",
    "level": 104
  }
},
{
  "model": "memrise.word",
  "pk": 204872646,
  "fields": {
    "word_a": "to solve",
    "word_b": "\u0440\u0435\u0448\u0438\u0442\u044c (\u0437\u0430\u0434\u0430\u0447\u0443, \u043f\u0440\u043e\u0431\u043b\u0435\u043c\u0443 etc.)",
    "level": 105
  }
},
{
  "model": "memrise.word",
  "pk": 204872647,
  "fields": {
    "word_a": "to succeed",
    "word_b": "\u0434\u043e\u0431\u0438\u0432\u0430\u0442\u044c\u0441\u044f \u0443\u0441\u043f\u0435\u0445\u0430",
    "level": 106
  }
},
{
  "model": "memrise.word",
  "pk": 204872648,
  "fields": {
    "word_a": "to type",
    "word_b": "\u043f\u0435\u0447\u0430\u0442\u0430\u0442\u044c",
    "level": 106
  }
},
{
  "model": "memrise.word",
  "pk": 204872649,
  "fields": {
    "word_a": "to praise",
    "word_b": "\u0445\u0432\u0430\u043b\u0438\u0442\u044c",
    "level": 106
  }
},
{
  "model": "memrise.word",
  "pk": 204872653,
  "fields": {
    "word_a": "to envy",
    "word_b": "\u0437\u0430\u0432\u0438\u0434\u043e\u0432\u0430\u0442\u044c",
    "level": 106
  }
},
{
  "model": "memrise.word",
  "pk": 233293515,
  "fields": {
    "word_a": "a cheetah",
    "word_b": "\u0433\u0435\u0440\u0430\u043f\u0434",
    "level": 137
  }
},
{
  "model": "memrise.word",
  "pk": 233293595,
  "fields": {
    "word_a": "a springbok",
    "word_b": "\u0433\u0430\u0437\u0435\u043b\u044c",
    "level": 137
  }
},
{
  "model": "memrise.word",
  "pk": 233293579,
  "fields": {
    "word_a": "a predator",
    "word_b": "\u0445\u0438\u0449\u043d\u0438\u043a",
    "level": 138
  }
},
{
  "model": "memrise.word",
  "pk": 233293580,
  "fields": {
    "word_a": "a mammal",
    "word_b": "\u043c\u043b\u0435\u043a\u043e\u043f\u0435\u0442\u0430\u044e\u0449\u0435\u0435",
    "level": 138
  }
},
{
  "model": "memrise.word",
  "pk": 233293581,
  "fields": {
    "word_a": "a herbivore",
    "word_b": "\u0442\u0440\u0430\u0432\u043e\u044f\u0434\u043d\u044b\u0439",
    "level": 138
  }
},
{
  "model": "memrise.word",
  "pk": 233293518,
  "fields": {
    "word_a": "a hen",
    "word_b": "\u043a\u0443\u0440\u0438\u0446\u0430",
    "level": 139
  }
},
{
  "model": "memrise.word",
  "pk": 233293520,
  "fields": {
    "word_a": "a rooster",
    "word_b": "\u043f\u0435\u0442\u0443\u0445",
    "level": 139
  }
},
{
  "model": "memrise.word",
  "pk": 233293522,
  "fields": {
    "word_a": "a gosling",
    "word_b": "\u0433\u0443\u0441\u0435\u043d\u043e\u043a",
    "level": 139
  }
}
]
