[
  {
    "model": "memrise.course",
    "pk": 1987730,
    "fields": {
      "name": "Adjective Complex",
      "url": "/course/1987730/adjective-complex/",
      "difficult": 46,
      "num_things": 581,
      "num_levels": 36,
      "difficult_url": "/course/1987730/adjective-complex/difficult-items/"
    }
  },
  {
    "model": "memrise.course",
    "pk": 2000641,
    "fields": {
      "name": "Verbs of wear clothes",
      "url": "/course/2000641/verbs-of-wear-clothes/",
      "difficult": 5,
      "num_things": 19,
      "num_levels": 2,
      "difficult_url": "/course/2000641/verbs-of-wear-clothes/difficult-items/"
    }
  },
  {
    "model": "memrise.course",
    "pk": 2001049,
    "fields": {
      "name": "Difficult words to listen",
      "url": "/course/2001049/difficult-words-to-listen/",
      "difficult": 2,
      "num_things": 18,
      "num_levels": 1,
      "difficult_url": "/course/2001049/difficult-words-to-listen/difficult-items/"
    }
  },
  {
    "model": "memrise.course",
    "pk": 2014022,
    "fields": {
      "name": "Food",
      "url": "/course/2014022/food/",
      "difficult": 9,
      "num_things": 70,
      "num_levels": 4,
      "difficult_url": "/course/2014022/food/difficult-items/"
    }
  },
  {
    "model": "memrise.course",
    "pk": 2014031,
    "fields": {
      "name": "Body",
      "url": "/course/2014031/body/",
      "difficult": 9,
      "num_things": 59,
      "num_levels": 5,
      "difficult_url": "/course/2014031/body/difficult-items/"
    }
  },
  {
    "model": "memrise.course",
    "pk": 2014042,
    "fields": {
      "name": "Clothes",
      "url": "/course/2014042/clothes/",
      "difficult": 7,
      "num_things": 40,
      "num_levels": 3,
      "difficult_url": "/course/2014042/clothes/difficult-items/"
    }
  },
  {
    "model": "memrise.course",
    "pk": 2147115,
    "fields": {
      "name": "Adverb Complex",
      "url": "/course/2147115/adverb-complex/",
      "difficult": 51,
      "num_things": 158,
      "num_levels": 9,
      "difficult_url": "/course/2147115/adverb-complex/difficult-items/"
    }
  },
  {
    "model": "memrise.course",
    "pk": 2147124,
    "fields": {
      "name": "Noun Complex",
      "url": "/course/2147124/noun-complex/",
      "difficult": 41,
      "num_things": 627,
      "num_levels": 36,
      "difficult_url": "/course/2147124/noun-complex/difficult-items/"
    }
  },
  {
    "model": "memrise.course",
    "pk": 2147132,
    "fields": {
      "name": "Verb Complex",
      "url": "/course/2147132/verb-complex/",
      "difficult": 59,
      "num_things": 688,
      "num_levels": 37,
      "difficult_url": "/course/2147132/verb-complex/difficult-items/"
    }
  },
  {
    "model": "memrise.course",
    "pk": 2216150,
    "fields": {
      "name": "Phrasal Verbs",
      "url": "/course/2216150/phrasal-verbs/",
      "difficult": 31,
      "num_things": 49,
      "num_levels": 3,
      "difficult_url": "/course/2216150/phrasal-verbs/difficult-items/"
    }
  },
  {
    "model": "memrise.course",
    "pk": 5605650,
    "fields": {
      "name": "Animals",
      "url": "/course/5605650/animals/",
      "difficult": 21,
      "num_things": 121,
      "num_levels": 7,
      "difficult_url": "/course/5605650/animals/difficult-items/"
    }
  },
  {
    "model": "memrise.level",
    "pk": 1,
    "fields": {
      "number": 1,
      "name": "New level",
      "course": 1987730
    }
  },
  {
    "model": "memrise.level",
    "pk": 2,
    "fields": {
      "number": 2,
      "name": "New level",
      "course": 1987730
    }
  },
  {
    "model": "memrise.level",
    "pk": 3,
    "fields": {
      "number": 3,
      "name": "New level",
      "course": 1987730
    }
  },
  {
    "model": "memrise.level",
    "pk": 4,
    "fields": {
      "number": 4,
      "name": "New level",
      "course": 1987730
    }
  },
  {
    "model": "memrise.level",
    "pk": 5,
    "fields": {
      "number": 5,
      "name": "New level",
      "course": 1987730
    }
  },
  {
    "model": "memrise.level",
    "pk": 6,
    "fields": {
      "number": 6,
      "name": "New level",
      "course": 1987730
    }
  },
  {
    "model": "memrise.level",
    "pk": 7,
    "fields": {
      "number": 7,
      "name": "New level",
      "course": 1987730
    }
  },
  {
    "model": "memrise.level",
    "pk": 8,
    "fields": {
      "number": 8,
      "name": "Describe a Person 1",
      "course": 1987730
    }
  },
  {
    "model": "memrise.level",
    "pk": 9,
    "fields": {
      "number": 9,
      "name": "Describe a Person 2",
      "course": 1987730
    }
  },
  {
    "model": "memrise.level",
    "pk": 10,
    "fields": {
      "number": 10,
      "name": "Describe a Person 3",
      "course": 1987730
    }
  },
  {
    "model": "memrise.level",
    "pk": 11,
    "fields": {
      "number": 11,
      "name": "Sound",
      "course": 1987730
    }
  },
  {
    "model": "memrise.level",
    "pk": 12,
    "fields": {
      "number": 12,
      "name": "Size",
      "course": 1987730
    }
  },
  {
    "model": "memrise.level",
    "pk": 13,
    "fields": {
      "number": 13,
      "name": "Size 2",
      "course": 1987730
    }
  },
  {
    "model": "memrise.level",
    "pk": 14,
    "fields": {
      "number": 14,
      "name": "Shape",
      "course": 1987730
    }
  },
  {
    "model": "memrise.level",
    "pk": 15,
    "fields": {
      "number": 15,
      "name": "Texture",
      "course": 1987730
    }
  },
  {
    "model": "memrise.level",
    "pk": 16,
    "fields": {
      "number": 16,
      "name": "Taste",
      "course": 1987730
    }
  },
  {
    "model": "memrise.level",
    "pk": 17,
    "fields": {
      "number": 17,
      "name": "Quantities",
      "course": 1987730
    }
  },
  {
    "model": "memrise.level",
    "pk": 18,
    "fields": {
      "number": 18,
      "name": "Physical and Intellectual",
      "course": 1987730
    }
  },
  {
    "model": "memrise.level",
    "pk": 19,
    "fields": {
      "number": 19,
      "name": "New level",
      "course": 1987730
    }
  },
  {
    "model": "memrise.level",
    "pk": 20,
    "fields": {
      "number": 20,
      "name": "New level",
      "course": 1987730
    }
  },
  {
    "model": "memrise.level",
    "pk": 21,
    "fields": {
      "number": 21,
      "name": "New level",
      "course": 1987730
    }
  },
  {
    "model": "memrise.level",
    "pk": 22,
    "fields": {
      "number": 22,
      "name": "New level",
      "course": 1987730
    }
  },
  {
    "model": "memrise.level",
    "pk": 23,
    "fields": {
      "number": 23,
      "name": "Weather",
      "course": 1987730
    }
  },
  {
    "model": "memrise.level",
    "pk": 24,
    "fields": {
      "number": 24,
      "name": "Status",
      "course": 1987730
    }
  },
  {
    "model": "memrise.level",
    "pk": 25,
    "fields": {
      "number": 25,
      "name": "New level",
      "course": 1987730
    }
  },
  {
    "model": "memrise.level",
    "pk": 26,
    "fields": {
      "number": 26,
      "name": "New level",
      "course": 1987730
    }
  },
  {
    "model": "memrise.level",
    "pk": 27,
    "fields": {
      "number": 27,
      "name": "New level",
      "course": 1987730
    }
  },
  {
    "model": "memrise.level",
    "pk": 28,
    "fields": {
      "number": 28,
      "name": "New level",
      "course": 1987730
    }
  },
  {
    "model": "memrise.level",
    "pk": 29,
    "fields": {
      "number": 29,
      "name": "New level",
      "course": 1987730
    }
  },
  {
    "model": "memrise.level",
    "pk": 30,
    "fields": {
      "number": 30,
      "name": "New level",
      "course": 1987730
    }
  },
  {
    "model": "memrise.level",
    "pk": 31,
    "fields": {
      "number": 31,
      "name": "New level",
      "course": 1987730
    }
  },
  {
    "model": "memrise.level",
    "pk": 32,
    "fields": {
      "number": 32,
      "name": "New level",
      "course": 1987730
    }
  },
  {
    "model": "memrise.level",
    "pk": 33,
    "fields": {
      "number": 33,
      "name": "New level",
      "course": 1987730
    }
  },
  {
    "model": "memrise.level",
    "pk": 34,
    "fields": {
      "number": 34,
      "name": "New level",
      "course": 1987730
    }
  },
  {
    "model": "memrise.level",
    "pk": 35,
    "fields": {
      "number": 35,
      "name": "New level",
      "course": 1987730
    }
  },
  {
    "model": "memrise.level",
    "pk": 36,
    "fields": {
      "number": 36,
      "name": "New level",
      "course": 1987730
    }
  },
  {
    "model": "memrise.level",
    "pk": 37,
    "fields": {
      "number": 1,
      "name": "1 - 10",
      "course": 2000641
    }
  },
  {
    "model": "memrise.level",
    "pk": 38,
    "fields": {
      "number": 2,
      "name": "11 - 19",
      "course": 2000641
    }
  },
  {
    "model": "memrise.level",
    "pk": 39,
    "fields": {
      "number": 1,
      "name": "18 / 18\n                                            words in long term memory",
      "course": 2001049
    }
  },
  {
    "model": "memrise.level",
    "pk": 40,
    "fields": {
      "number": 1,
      "name": "a vegetables",
      "course": 2014022
    }
  },
  {
    "model": "memrise.level",
    "pk": 41,
    "fields": {
      "number": 2,
      "name": "a fruit",
      "course": 2014022
    }
  },
  {
    "model": "memrise.level",
    "pk": 42,
    "fields": {
      "number": 3,
      "name": "a product",
      "course": 2014022
    }
  },
  {
    "model": "memrise.level",
    "pk": 43,
    "fields": {
      "number": 4,
      "name": "verb cooking",
      "course": 2014022
    }
  },
  {
    "model": "memrise.level",
    "pk": 44,
    "fields": {
      "number": 1,
      "name": "a part of body",
      "course": 2014031
    }
  },
  {
    "model": "memrise.level",
    "pk": 45,
    "fields": {
      "number": 2,
      "name": "a part of face",
      "course": 2014031
    }
  },
  {
    "model": "memrise.level",
    "pk": 46,
    "fields": {
      "number": 3,
      "name": "an internal organs",
      "course": 2014031
    }
  },
  {
    "model": "memrise.level",
    "pk": 47,
    "fields": {
      "number": 4,
      "name": "a part of arm",
      "course": 2014031
    }
  },
  {
    "model": "memrise.level",
    "pk": 48,
    "fields": {
      "number": 5,
      "name": "a part of leg",
      "course": 2014031
    }
  },
  {
    "model": "memrise.level",
    "pk": 49,
    "fields": {
      "number": 1,
      "name": "1 - 15",
      "course": 2014042
    }
  },
  {
    "model": "memrise.level",
    "pk": 50,
    "fields": {
      "number": 2,
      "name": "16 - 30",
      "course": 2014042
    }
  },
  {
    "model": "memrise.level",
    "pk": 51,
    "fields": {
      "number": 3,
      "name": "31 - 42",
      "course": 2014042
    }
  },
  {
    "model": "memrise.level",
    "pk": 52,
    "fields": {
      "number": 1,
      "name": "1 - 20",
      "course": 2147115
    }
  },
  {
    "model": "memrise.level",
    "pk": 53,
    "fields": {
      "number": 2,
      "name": "21 - 40",
      "course": 2147115
    }
  },
  {
    "model": "memrise.level",
    "pk": 54,
    "fields": {
      "number": 3,
      "name": "41 - 60",
      "course": 2147115
    }
  },
  {
    "model": "memrise.level",
    "pk": 55,
    "fields": {
      "number": 4,
      "name": "61 - 80",
      "course": 2147115
    }
  },
  {
    "model": "memrise.level",
    "pk": 56,
    "fields": {
      "number": 5,
      "name": "81 - 100",
      "course": 2147115
    }
  },
  {
    "model": "memrise.level",
    "pk": 57,
    "fields": {
      "number": 6,
      "name": "101 - 120",
      "course": 2147115
    }
  },
  {
    "model": "memrise.level",
    "pk": 58,
    "fields": {
      "number": 7,
      "name": "121 - 140",
      "course": 2147115
    }
  },
  {
    "model": "memrise.level",
    "pk": 59,
    "fields": {
      "number": 8,
      "name": "141 - 149",
      "course": 2147115
    }
  },
  {
    "model": "memrise.level",
    "pk": 60,
    "fields": {
      "number": 9,
      "name": "New level",
      "course": 2147115
    }
  },
  {
    "model": "memrise.level",
    "pk": 61,
    "fields": {
      "number": 1,
      "name": "New level",
      "course": 2147124
    }
  },
  {
    "model": "memrise.level",
    "pk": 62,
    "fields": {
      "number": 2,
      "name": "New level",
      "course": 2147124
    }
  },
  {
    "model": "memrise.level",
    "pk": 63,
    "fields": {
      "number": 3,
      "name": "New level",
      "course": 2147124
    }
  },
  {
    "model": "memrise.level",
    "pk": 64,
    "fields": {
      "number": 4,
      "name": "New level",
      "course": 2147124
    }
  },
  {
    "model": "memrise.level",
    "pk": 65,
    "fields": {
      "number": 5,
      "name": "New level",
      "course": 2147124
    }
  },
  {
    "model": "memrise.level",
    "pk": 66,
    "fields": {
      "number": 6,
      "name": "New level",
      "course": 2147124
    }
  },
  {
    "model": "memrise.level",
    "pk": 67,
    "fields": {
      "number": 7,
      "name": "New level",
      "course": 2147124
    }
  },
  {
    "model": "memrise.level",
    "pk": 68,
    "fields": {
      "number": 8,
      "name": "New level",
      "course": 2147124
    }
  },
  {
    "model": "memrise.level",
    "pk": 69,
    "fields": {
      "number": 9,
      "name": "New level",
      "course": 2147124
    }
  },
  {
    "model": "memrise.level",
    "pk": 70,
    "fields": {
      "number": 10,
      "name": "New level",
      "course": 2147124
    }
  },
  {
    "model": "memrise.level",
    "pk": 71,
    "fields": {
      "number": 11,
      "name": "New level",
      "course": 2147124
    }
  },
  {
    "model": "memrise.level",
    "pk": 72,
    "fields": {
      "number": 12,
      "name": "New level",
      "course": 2147124
    }
  },
  {
    "model": "memrise.level",
    "pk": 73,
    "fields": {
      "number": 13,
      "name": "New level",
      "course": 2147124
    }
  },
  {
    "model": "memrise.level",
    "pk": 74,
    "fields": {
      "number": 14,
      "name": "New level",
      "course": 2147124
    }
  },
  {
    "model": "memrise.level",
    "pk": 75,
    "fields": {
      "number": 15,
      "name": "Days of week",
      "course": 2147124
    }
  },
  {
    "model": "memrise.level",
    "pk": 76,
    "fields": {
      "number": 16,
      "name": "New level",
      "course": 2147124
    }
  },
  {
    "model": "memrise.level",
    "pk": 77,
    "fields": {
      "number": 17,
      "name": "New level",
      "course": 2147124
    }
  },
  {
    "model": "memrise.level",
    "pk": 78,
    "fields": {
      "number": 18,
      "name": "New level",
      "course": 2147124
    }
  },
  {
    "model": "memrise.level",
    "pk": 79,
    "fields": {
      "number": 19,
      "name": "New level",
      "course": 2147124
    }
  },
  {
    "model": "memrise.level",
    "pk": 80,
    "fields": {
      "number": 20,
      "name": "New level",
      "course": 2147124
    }
  },
  {
    "model": "memrise.level",
    "pk": 81,
    "fields": {
      "number": 21,
      "name": "New level",
      "course": 2147124
    }
  },
  {
    "model": "memrise.level",
    "pk": 82,
    "fields": {
      "number": 22,
      "name": "New level",
      "course": 2147124
    }
  },
  {
    "model": "memrise.level",
    "pk": 83,
    "fields": {
      "number": 23,
      "name": "New level",
      "course": 2147124
    }
  },
  {
    "model": "memrise.level",
    "pk": 84,
    "fields": {
      "number": 24,
      "name": "New level",
      "course": 2147124
    }
  },
  {
    "model": "memrise.level",
    "pk": 85,
    "fields": {
      "number": 25,
      "name": "New level",
      "course": 2147124
    }
  },
  {
    "model": "memrise.level",
    "pk": 86,
    "fields": {
      "number": 26,
      "name": "New level",
      "course": 2147124
    }
  },
  {
    "model": "memrise.level",
    "pk": 87,
    "fields": {
      "number": 27,
      "name": "New level",
      "course": 2147124
    }
  },
  {
    "model": "memrise.level",
    "pk": 88,
    "fields": {
      "number": 28,
      "name": "New level",
      "course": 2147124
    }
  },
  {
    "model": "memrise.level",
    "pk": 89,
    "fields": {
      "number": 29,
      "name": "New level",
      "course": 2147124
    }
  },
  {
    "model": "memrise.level",
    "pk": 90,
    "fields": {
      "number": 30,
      "name": "New level",
      "course": 2147124
    }
  },
  {
    "model": "memrise.level",
    "pk": 91,
    "fields": {
      "number": 31,
      "name": "New level",
      "course": 2147124
    }
  },
  {
    "model": "memrise.level",
    "pk": 92,
    "fields": {
      "number": 32,
      "name": "New level",
      "course": 2147124
    }
  },
  {
    "model": "memrise.level",
    "pk": 93,
    "fields": {
      "number": 33,
      "name": "New level",
      "course": 2147124
    }
  },
  {
    "model": "memrise.level",
    "pk": 94,
    "fields": {
      "number": 34,
      "name": "New level",
      "course": 2147124
    }
  },
  {
    "model": "memrise.level",
    "pk": 95,
    "fields": {
      "number": 35,
      "name": "New level",
      "course": 2147124
    }
  },
  {
    "model": "memrise.level",
    "pk": 96,
    "fields": {
      "number": 36,
      "name": "New level",
      "course": 2147124
    }
  },
  {
    "model": "memrise.level",
    "pk": 97,
    "fields": {
      "number": 1,
      "name": "1 - 20",
      "course": 2147132
    }
  },
  {
    "model": "memrise.level",
    "pk": 98,
    "fields": {
      "number": 2,
      "name": "21 - 40",
      "course": 2147132
    }
  },
  {
    "model": "memrise.level",
    "pk": 99,
    "fields": {
      "number": 3,
      "name": "41 - 60",
      "course": 2147132
    }
  },
  {
    "model": "memrise.level",
    "pk": 100,
    "fields": {
      "number": 4,
      "name": "61 - 80",
      "course": 2147132
    }
  },
  {
    "model": "memrise.level",
    "pk": 101,
    "fields": {
      "number": 5,
      "name": "81 - 100",
      "course": 2147132
    }
  },
  {
    "model": "memrise.level",
    "pk": 102,
    "fields": {
      "number": 6,
      "name": "101 - 120",
      "course": 2147132
    }
  },
  {
    "model": "memrise.level",
    "pk": 103,
    "fields": {
      "number": 7,
      "name": "121 - 140",
      "course": 2147132
    }
  },
  {
    "model": "memrise.level",
    "pk": 104,
    "fields": {
      "number": 8,
      "name": "141 - 160",
      "course": 2147132
    }
  },
  {
    "model": "memrise.level",
    "pk": 105,
    "fields": {
      "number": 9,
      "name": "161 - 180",
      "course": 2147132
    }
  },
  {
    "model": "memrise.level",
    "pk": 106,
    "fields": {
      "number": 10,
      "name": "181 - 200",
      "course": 2147132
    }
  },
  {
    "model": "memrise.level",
    "pk": 107,
    "fields": {
      "number": 11,
      "name": "201 - 220",
      "course": 2147132
    }
  },
  {
    "model": "memrise.level",
    "pk": 108,
    "fields": {
      "number": 12,
      "name": "221 - 240",
      "course": 2147132
    }
  },
  {
    "model": "memrise.level",
    "pk": 109,
    "fields": {
      "number": 13,
      "name": "241 - 260",
      "course": 2147132
    }
  },
  {
    "model": "memrise.level",
    "pk": 110,
    "fields": {
      "number": 14,
      "name": "261 - 280",
      "course": 2147132
    }
  },
  {
    "model": "memrise.level",
    "pk": 111,
    "fields": {
      "number": 15,
      "name": "281 - 300",
      "course": 2147132
    }
  },
  {
    "model": "memrise.level",
    "pk": 112,
    "fields": {
      "number": 16,
      "name": "301 - 320",
      "course": 2147132
    }
  },
  {
    "model": "memrise.level",
    "pk": 113,
    "fields": {
      "number": 17,
      "name": "321 - 340",
      "course": 2147132
    }
  },
  {
    "model": "memrise.level",
    "pk": 114,
    "fields": {
      "number": 18,
      "name": "341 - 360",
      "course": 2147132
    }
  },
  {
    "model": "memrise.level",
    "pk": 115,
    "fields": {
      "number": 19,
      "name": "361 - 380",
      "course": 2147132
    }
  },
  {
    "model": "memrise.level",
    "pk": 116,
    "fields": {
      "number": 20,
      "name": "381 - 400",
      "course": 2147132
    }
  },
  {
    "model": "memrise.level",
    "pk": 117,
    "fields": {
      "number": 21,
      "name": "401 - 420",
      "course": 2147132
    }
  },
  {
    "model": "memrise.level",
    "pk": 118,
    "fields": {
      "number": 22,
      "name": "421 - 440",
      "course": 2147132
    }
  },
  {
    "model": "memrise.level",
    "pk": 119,
    "fields": {
      "number": 23,
      "name": "441 - 460",
      "course": 2147132
    }
  },
  {
    "model": "memrise.level",
    "pk": 120,
    "fields": {
      "number": 24,
      "name": "461 - 480",
      "course": 2147132
    }
  },
  {
    "model": "memrise.level",
    "pk": 121,
    "fields": {
      "number": 25,
      "name": "481 - 500",
      "course": 2147132
    }
  },
  {
    "model": "memrise.level",
    "pk": 122,
    "fields": {
      "number": 26,
      "name": "501 - 520",
      "course": 2147132
    }
  },
  {
    "model": "memrise.level",
    "pk": 123,
    "fields": {
      "number": 27,
      "name": "521 - 540",
      "course": 2147132
    }
  },
  {
    "model": "memrise.level",
    "pk": 124,
    "fields": {
      "number": 28,
      "name": "541 - 560",
      "course": 2147132
    }
  },
  {
    "model": "memrise.level",
    "pk": 125,
    "fields": {
      "number": 29,
      "name": "561 - 580",
      "course": 2147132
    }
  },
  {
    "model": "memrise.level",
    "pk": 126,
    "fields": {
      "number": 30,
      "name": "581 - 600",
      "course": 2147132
    }
  },
  {
    "model": "memrise.level",
    "pk": 127,
    "fields": {
      "number": 31,
      "name": "New level",
      "course": 2147132
    }
  },
  {
    "model": "memrise.level",
    "pk": 128,
    "fields": {
      "number": 32,
      "name": "New level",
      "course": 2147132
    }
  },
  {
    "model": "memrise.level",
    "pk": 129,
    "fields": {
      "number": 33,
      "name": "New level",
      "course": 2147132
    }
  },
  {
    "model": "memrise.level",
    "pk": 130,
    "fields": {
      "number": 34,
      "name": "New level",
      "course": 2147132
    }
  },
  {
    "model": "memrise.level",
    "pk": 131,
    "fields": {
      "number": 35,
      "name": "New level",
      "course": 2147132
    }
  },
  {
    "model": "memrise.level",
    "pk": 132,
    "fields": {
      "number": 36,
      "name": "New level",
      "course": 2147132
    }
  },
  {
    "model": "memrise.level",
    "pk": 133,
    "fields": {
      "number": 37,
      "name": "New level",
      "course": 2147132
    }
  },
  {
    "model": "memrise.level",
    "pk": 134,
    "fields": {
      "number": 1,
      "name": "1 - 20",
      "course": 2216150
    }
  },
  {
    "model": "memrise.level",
    "pk": 135,
    "fields": {
      "number": 2,
      "name": "21 - 40",
      "course": 2216150
    }
  },
  {
    "model": "memrise.level",
    "pk": 136,
    "fields": {
      "number": 3,
      "name": "41 - 49",
      "course": 2216150
    }
  },
  {
    "model": "memrise.level",
    "pk": 137,
    "fields": {
      "number": 1,
      "name": "Safari and Exotic Animals",
      "course": 5605650
    }
  },
  {
    "model": "memrise.level",
    "pk": 138,
    "fields": {
      "number": 2,
      "name": "About Animals",
      "course": 5605650
    }
  },
  {
    "model": "memrise.level",
    "pk": 139,
    "fields": {
      "number": 3,
      "name": "Birds",
      "course": 5605650
    }
  },
  {
    "model": "memrise.level",
    "pk": 140,
    "fields": {
      "number": 4,
      "name": "Fish",
      "course": 5605650
    }
  },
  {
    "model": "memrise.level",
    "pk": 141,
    "fields": {
      "number": 5,
      "name": "Wild Animals",
      "course": 5605650
    }
  },
  {
    "model": "memrise.level",
    "pk": 142,
    "fields": {
      "number": 6,
      "name": "Domestic Animals",
      "course": 5605650
    }
  },
  {
    "model": "memrise.level",
    "pk": 143,
    "fields": {
      "number": 7,
      "name": "Insects and Reptiles",
      "course": 5605650
    }
  },
  {
    "model": "memrise.url",
    "pk": 1,
    "fields": {
      "name": "/course/1987730/adjective-complex/1",
      "course_url": 1987730
    }
  },
  {
    "model": "memrise.url",
    "pk": 2,
    "fields": {
      "name": "/course/1987730/adjective-complex/2",
      "course_url": 1987730
    }
  },
  {
    "model": "memrise.url",
    "pk": 3,
    "fields": {
      "name": "/course/1987730/adjective-complex/3",
      "course_url": 1987730
    }
  },
  {
    "model": "memrise.url",
    "pk": 4,
    "fields": {
      "name": "/course/1987730/adjective-complex/4",
      "course_url": 1987730
    }
  },
  {
    "model": "memrise.url",
    "pk": 5,
    "fields": {
      "name": "/course/1987730/adjective-complex/5",
      "course_url": 1987730
    }
  },
  {
    "model": "memrise.url",
    "pk": 6,
    "fields": {
      "name": "/course/1987730/adjective-complex/6",
      "course_url": 1987730
    }
  },
  {
    "model": "memrise.url",
    "pk": 7,
    "fields": {
      "name": "/course/1987730/adjective-complex/7",
      "course_url": 1987730
    }
  },
  {
    "model": "memrise.url",
    "pk": 8,
    "fields": {
      "name": "/course/1987730/adjective-complex/8",
      "course_url": 1987730
    }
  },
  {
    "model": "memrise.url",
    "pk": 9,
    "fields": {
      "name": "/course/1987730/adjective-complex/9",
      "course_url": 1987730
    }
  },
  {
    "model": "memrise.url",
    "pk": 10,
    "fields": {
      "name": "/course/1987730/adjective-complex/10",
      "course_url": 1987730
    }
  },
  {
    "model": "memrise.url",
    "pk": 11,
    "fields": {
      "name": "/course/1987730/adjective-complex/11",
      "course_url": 1987730
    }
  },
  {
    "model": "memrise.url",
    "pk": 12,
    "fields": {
      "name": "/course/1987730/adjective-complex/12",
      "course_url": 1987730
    }
  },
  {
    "model": "memrise.url",
    "pk": 13,
    "fields": {
      "name": "/course/1987730/adjective-complex/13",
      "course_url": 1987730
    }
  },
  {
    "model": "memrise.url",
    "pk": 14,
    "fields": {
      "name": "/course/1987730/adjective-complex/14",
      "course_url": 1987730
    }
  },
  {
    "model": "memrise.url",
    "pk": 15,
    "fields": {
      "name": "/course/1987730/adjective-complex/15",
      "course_url": 1987730
    }
  },
  {
    "model": "memrise.url",
    "pk": 16,
    "fields": {
      "name": "/course/1987730/adjective-complex/16",
      "course_url": 1987730
    }
  },
  {
    "model": "memrise.url",
    "pk": 17,
    "fields": {
      "name": "/course/1987730/adjective-complex/17",
      "course_url": 1987730
    }
  },
  {
    "model": "memrise.url",
    "pk": 18,
    "fields": {
      "name": "/course/1987730/adjective-complex/18",
      "course_url": 1987730
    }
  },
  {
    "model": "memrise.url",
    "pk": 19,
    "fields": {
      "name": "/course/1987730/adjective-complex/19",
      "course_url": 1987730
    }
  },
  {
    "model": "memrise.url",
    "pk": 20,
    "fields": {
      "name": "/course/1987730/adjective-complex/20",
      "course_url": 1987730
    }
  },
  {
    "model": "memrise.url",
    "pk": 21,
    "fields": {
      "name": "/course/1987730/adjective-complex/21",
      "course_url": 1987730
    }
  },
  {
    "model": "memrise.url",
    "pk": 22,
    "fields": {
      "name": "/course/1987730/adjective-complex/22",
      "course_url": 1987730
    }
  },
  {
    "model": "memrise.url",
    "pk": 23,
    "fields": {
      "name": "/course/1987730/adjective-complex/23",
      "course_url": 1987730
    }
  },
  {
    "model": "memrise.url",
    "pk": 24,
    "fields": {
      "name": "/course/1987730/adjective-complex/24",
      "course_url": 1987730
    }
  },
  {
    "model": "memrise.url",
    "pk": 25,
    "fields": {
      "name": "/course/1987730/adjective-complex/25",
      "course_url": 1987730
    }
  },
  {
    "model": "memrise.url",
    "pk": 26,
    "fields": {
      "name": "/course/1987730/adjective-complex/26",
      "course_url": 1987730
    }
  },
  {
    "model": "memrise.url",
    "pk": 27,
    "fields": {
      "name": "/course/1987730/adjective-complex/27",
      "course_url": 1987730
    }
  },
  {
    "model": "memrise.url",
    "pk": 28,
    "fields": {
      "name": "/course/1987730/adjective-complex/28",
      "course_url": 1987730
    }
  },
  {
    "model": "memrise.url",
    "pk": 29,
    "fields": {
      "name": "/course/1987730/adjective-complex/29",
      "course_url": 1987730
    }
  },
  {
    "model": "memrise.url",
    "pk": 30,
    "fields": {
      "name": "/course/1987730/adjective-complex/30",
      "course_url": 1987730
    }
  },
  {
    "model": "memrise.url",
    "pk": 31,
    "fields": {
      "name": "/course/1987730/adjective-complex/31",
      "course_url": 1987730
    }
  },
  {
    "model": "memrise.url",
    "pk": 32,
    "fields": {
      "name": "/course/1987730/adjective-complex/32",
      "course_url": 1987730
    }
  },
  {
    "model": "memrise.url",
    "pk": 33,
    "fields": {
      "name": "/course/1987730/adjective-complex/33",
      "course_url": 1987730
    }
  },
  {
    "model": "memrise.url",
    "pk": 34,
    "fields": {
      "name": "/course/1987730/adjective-complex/34",
      "course_url": 1987730
    }
  },
  {
    "model": "memrise.url",
    "pk": 35,
    "fields": {
      "name": "/course/1987730/adjective-complex/35",
      "course_url": 1987730
    }
  },
  {
    "model": "memrise.url",
    "pk": 36,
    "fields": {
      "name": "/course/1987730/adjective-complex/36",
      "course_url": 1987730
    }
  },
  {
    "model": "memrise.url",
    "pk": 37,
    "fields": {
      "name": "/course/2000641/verbs-of-wear-clothes/1",
      "course_url": 2000641
    }
  },
  {
    "model": "memrise.url",
    "pk": 38,
    "fields": {
      "name": "/course/2000641/verbs-of-wear-clothes/2",
      "course_url": 2000641
    }
  },
  {
    "model": "memrise.url",
    "pk": 39,
    "fields": {
      "name": "/course/2001049/difficult-words-to-listen/1",
      "course_url": 2001049
    }
  },
  {
    "model": "memrise.url",
    "pk": 40,
    "fields": {
      "name": "/course/2014022/food/1",
      "course_url": 2014022
    }
  },
  {
    "model": "memrise.url",
    "pk": 41,
    "fields": {
      "name": "/course/2014022/food/2",
      "course_url": 2014022
    }
  },
  {
    "model": "memrise.url",
    "pk": 42,
    "fields": {
      "name": "/course/2014022/food/3",
      "course_url": 2014022
    }
  },
  {
    "model": "memrise.url",
    "pk": 43,
    "fields": {
      "name": "/course/2014022/food/4",
      "course_url": 2014022
    }
  },
  {
    "model": "memrise.url",
    "pk": 44,
    "fields": {
      "name": "/course/2014031/body/1",
      "course_url": 2014031
    }
  },
  {
    "model": "memrise.url",
    "pk": 45,
    "fields": {
      "name": "/course/2014031/body/2",
      "course_url": 2014031
    }
  },
  {
    "model": "memrise.url",
    "pk": 46,
    "fields": {
      "name": "/course/2014031/body/3",
      "course_url": 2014031
    }
  },
  {
    "model": "memrise.url",
    "pk": 47,
    "fields": {
      "name": "/course/2014031/body/4",
      "course_url": 2014031
    }
  },
  {
    "model": "memrise.url",
    "pk": 48,
    "fields": {
      "name": "/course/2014031/body/5",
      "course_url": 2014031
    }
  },
  {
    "model": "memrise.url",
    "pk": 49,
    "fields": {
      "name": "/course/2014042/clothes/1",
      "course_url": 2014042
    }
  },
  {
    "model": "memrise.url",
    "pk": 50,
    "fields": {
      "name": "/course/2014042/clothes/2",
      "course_url": 2014042
    }
  },
  {
    "model": "memrise.url",
    "pk": 51,
    "fields": {
      "name": "/course/2014042/clothes/3",
      "course_url": 2014042
    }
  },
  {
    "model": "memrise.url",
    "pk": 52,
    "fields": {
      "name": "/course/2147115/adverb-complex/1",
      "course_url": 2147115
    }
  },
  {
    "model": "memrise.url",
    "pk": 53,
    "fields": {
      "name": "/course/2147115/adverb-complex/2",
      "course_url": 2147115
    }
  },
  {
    "model": "memrise.url",
    "pk": 54,
    "fields": {
      "name": "/course/2147115/adverb-complex/3",
      "course_url": 2147115
    }
  },
  {
    "model": "memrise.url",
    "pk": 55,
    "fields": {
      "name": "/course/2147115/adverb-complex/4",
      "course_url": 2147115
    }
  },
  {
    "model": "memrise.url",
    "pk": 56,
    "fields": {
      "name": "/course/2147115/adverb-complex/5",
      "course_url": 2147115
    }
  },
  {
    "model": "memrise.url",
    "pk": 57,
    "fields": {
      "name": "/course/2147115/adverb-complex/6",
      "course_url": 2147115
    }
  },
  {
    "model": "memrise.url",
    "pk": 58,
    "fields": {
      "name": "/course/2147115/adverb-complex/7",
      "course_url": 2147115
    }
  },
  {
    "model": "memrise.url",
    "pk": 59,
    "fields": {
      "name": "/course/2147115/adverb-complex/8",
      "course_url": 2147115
    }
  },
  {
    "model": "memrise.url",
    "pk": 60,
    "fields": {
      "name": "/course/2147115/adverb-complex/9",
      "course_url": 2147115
    }
  },
  {
    "model": "memrise.url",
    "pk": 61,
    "fields": {
      "name": "/course/2147124/noun-complex/1",
      "course_url": 2147124
    }
  },
  {
    "model": "memrise.url",
    "pk": 62,
    "fields": {
      "name": "/course/2147124/noun-complex/2",
      "course_url": 2147124
    }
  },
  {
    "model": "memrise.url",
    "pk": 63,
    "fields": {
      "name": "/course/2147124/noun-complex/3",
      "course_url": 2147124
    }
  },
  {
    "model": "memrise.url",
    "pk": 64,
    "fields": {
      "name": "/course/2147124/noun-complex/4",
      "course_url": 2147124
    }
  },
  {
    "model": "memrise.url",
    "pk": 65,
    "fields": {
      "name": "/course/2147124/noun-complex/5",
      "course_url": 2147124
    }
  },
  {
    "model": "memrise.url",
    "pk": 66,
    "fields": {
      "name": "/course/2147124/noun-complex/6",
      "course_url": 2147124
    }
  },
  {
    "model": "memrise.url",
    "pk": 67,
    "fields": {
      "name": "/course/2147124/noun-complex/7",
      "course_url": 2147124
    }
  },
  {
    "model": "memrise.url",
    "pk": 68,
    "fields": {
      "name": "/course/2147124/noun-complex/8",
      "course_url": 2147124
    }
  },
  {
    "model": "memrise.url",
    "pk": 69,
    "fields": {
      "name": "/course/2147124/noun-complex/9",
      "course_url": 2147124
    }
  },
  {
    "model": "memrise.url",
    "pk": 70,
    "fields": {
      "name": "/course/2147124/noun-complex/10",
      "course_url": 2147124
    }
  },
  {
    "model": "memrise.url",
    "pk": 71,
    "fields": {
      "name": "/course/2147124/noun-complex/11",
      "course_url": 2147124
    }
  },
  {
    "model": "memrise.url",
    "pk": 72,
    "fields": {
      "name": "/course/2147124/noun-complex/12",
      "course_url": 2147124
    }
  },
  {
    "model": "memrise.url",
    "pk": 73,
    "fields": {
      "name": "/course/2147124/noun-complex/13",
      "course_url": 2147124
    }
  },
  {
    "model": "memrise.url",
    "pk": 74,
    "fields": {
      "name": "/course/2147124/noun-complex/14",
      "course_url": 2147124
    }
  },
  {
    "model": "memrise.url",
    "pk": 75,
    "fields": {
      "name": "/course/2147124/noun-complex/15",
      "course_url": 2147124
    }
  },
  {
    "model": "memrise.url",
    "pk": 76,
    "fields": {
      "name": "/course/2147124/noun-complex/16",
      "course_url": 2147124
    }
  },
  {
    "model": "memrise.url",
    "pk": 77,
    "fields": {
      "name": "/course/2147124/noun-complex/17",
      "course_url": 2147124
    }
  },
  {
    "model": "memrise.url",
    "pk": 78,
    "fields": {
      "name": "/course/2147124/noun-complex/18",
      "course_url": 2147124
    }
  },
  {
    "model": "memrise.url",
    "pk": 79,
    "fields": {
      "name": "/course/2147124/noun-complex/19",
      "course_url": 2147124
    }
  },
  {
    "model": "memrise.url",
    "pk": 80,
    "fields": {
      "name": "/course/2147124/noun-complex/20",
      "course_url": 2147124
    }
  },
  {
    "model": "memrise.url",
    "pk": 81,
    "fields": {
      "name": "/course/2147124/noun-complex/21",
      "course_url": 2147124
    }
  },
  {
    "model": "memrise.url",
    "pk": 82,
    "fields": {
      "name": "/course/2147124/noun-complex/22",
      "course_url": 2147124
    }
  },
  {
    "model": "memrise.url",
    "pk": 83,
    "fields": {
      "name": "/course/2147124/noun-complex/23",
      "course_url": 2147124
    }
  },
  {
    "model": "memrise.url",
    "pk": 84,
    "fields": {
      "name": "/course/2147124/noun-complex/24",
      "course_url": 2147124
    }
  },
  {
    "model": "memrise.url",
    "pk": 85,
    "fields": {
      "name": "/course/2147124/noun-complex/25",
      "course_url": 2147124
    }
  },
  {
    "model": "memrise.url",
    "pk": 86,
    "fields": {
      "name": "/course/2147124/noun-complex/26",
      "course_url": 2147124
    }
  },
  {
    "model": "memrise.url",
    "pk": 87,
    "fields": {
      "name": "/course/2147124/noun-complex/27",
      "course_url": 2147124
    }
  },
  {
    "model": "memrise.url",
    "pk": 88,
    "fields": {
      "name": "/course/2147124/noun-complex/28",
      "course_url": 2147124
    }
  },
  {
    "model": "memrise.url",
    "pk": 89,
    "fields": {
      "name": "/course/2147124/noun-complex/29",
      "course_url": 2147124
    }
  },
  {
    "model": "memrise.url",
    "pk": 90,
    "fields": {
      "name": "/course/2147124/noun-complex/30",
      "course_url": 2147124
    }
  },
  {
    "model": "memrise.url",
    "pk": 91,
    "fields": {
      "name": "/course/2147124/noun-complex/31",
      "course_url": 2147124
    }
  },
  {
    "model": "memrise.url",
    "pk": 92,
    "fields": {
      "name": "/course/2147124/noun-complex/32",
      "course_url": 2147124
    }
  },
  {
    "model": "memrise.url",
    "pk": 93,
    "fields": {
      "name": "/course/2147124/noun-complex/33",
      "course_url": 2147124
    }
  },
  {
    "model": "memrise.url",
    "pk": 94,
    "fields": {
      "name": "/course/2147124/noun-complex/34",
      "course_url": 2147124
    }
  },
  {
    "model": "memrise.url",
    "pk": 95,
    "fields": {
      "name": "/course/2147124/noun-complex/35",
      "course_url": 2147124
    }
  },
  {
    "model": "memrise.url",
    "pk": 96,
    "fields": {
      "name": "/course/2147124/noun-complex/36",
      "course_url": 2147124
    }
  },
  {
    "model": "memrise.url",
    "pk": 97,
    "fields": {
      "name": "/course/2147132/verb-complex/1",
      "course_url": 2147132
    }
  },
  {
    "model": "memrise.url",
    "pk": 98,
    "fields": {
      "name": "/course/2147132/verb-complex/2",
      "course_url": 2147132
    }
  },
  {
    "model": "memrise.url",
    "pk": 99,
    "fields": {
      "name": "/course/2147132/verb-complex/3",
      "course_url": 2147132
    }
  },
  {
    "model": "memrise.url",
    "pk": 100,
    "fields": {
      "name": "/course/2147132/verb-complex/4",
      "course_url": 2147132
    }
  },
  {
    "model": "memrise.url",
    "pk": 101,
    "fields": {
      "name": "/course/2147132/verb-complex/5",
      "course_url": 2147132
    }
  },
  {
    "model": "memrise.url",
    "pk": 102,
    "fields": {
      "name": "/course/2147132/verb-complex/6",
      "course_url": 2147132
    }
  },
  {
    "model": "memrise.url",
    "pk": 103,
    "fields": {
      "name": "/course/2147132/verb-complex/7",
      "course_url": 2147132
    }
  },
  {
    "model": "memrise.url",
    "pk": 104,
    "fields": {
      "name": "/course/2147132/verb-complex/8",
      "course_url": 2147132
    }
  },
  {
    "model": "memrise.url",
    "pk": 105,
    "fields": {
      "name": "/course/2147132/verb-complex/9",
      "course_url": 2147132
    }
  },
  {
    "model": "memrise.url",
    "pk": 106,
    "fields": {
      "name": "/course/2147132/verb-complex/10",
      "course_url": 2147132
    }
  },
  {
    "model": "memrise.url",
    "pk": 107,
    "fields": {
      "name": "/course/2147132/verb-complex/11",
      "course_url": 2147132
    }
  },
  {
    "model": "memrise.url",
    "pk": 108,
    "fields": {
      "name": "/course/2147132/verb-complex/12",
      "course_url": 2147132
    }
  },
  {
    "model": "memrise.url",
    "pk": 109,
    "fields": {
      "name": "/course/2147132/verb-complex/13",
      "course_url": 2147132
    }
  },
  {
    "model": "memrise.url",
    "pk": 110,
    "fields": {
      "name": "/course/2147132/verb-complex/14",
      "course_url": 2147132
    }
  },
  {
    "model": "memrise.url",
    "pk": 111,
    "fields": {
      "name": "/course/2147132/verb-complex/15",
      "course_url": 2147132
    }
  },
  {
    "model": "memrise.url",
    "pk": 112,
    "fields": {
      "name": "/course/2147132/verb-complex/16",
      "course_url": 2147132
    }
  },
  {
    "model": "memrise.url",
    "pk": 113,
    "fields": {
      "name": "/course/2147132/verb-complex/17",
      "course_url": 2147132
    }
  },
  {
    "model": "memrise.url",
    "pk": 114,
    "fields": {
      "name": "/course/2147132/verb-complex/18",
      "course_url": 2147132
    }
  },
  {
    "model": "memrise.url",
    "pk": 115,
    "fields": {
      "name": "/course/2147132/verb-complex/19",
      "course_url": 2147132
    }
  },
  {
    "model": "memrise.url",
    "pk": 116,
    "fields": {
      "name": "/course/2147132/verb-complex/20",
      "course_url": 2147132
    }
  },
  {
    "model": "memrise.url",
    "pk": 117,
    "fields": {
      "name": "/course/2147132/verb-complex/21",
      "course_url": 2147132
    }
  },
  {
    "model": "memrise.url",
    "pk": 118,
    "fields": {
      "name": "/course/2147132/verb-complex/22",
      "course_url": 2147132
    }
  },
  {
    "model": "memrise.url",
    "pk": 119,
    "fields": {
      "name": "/course/2147132/verb-complex/23",
      "course_url": 2147132
    }
  },
  {
    "model": "memrise.url",
    "pk": 120,
    "fields": {
      "name": "/course/2147132/verb-complex/24",
      "course_url": 2147132
    }
  },
  {
    "model": "memrise.url",
    "pk": 121,
    "fields": {
      "name": "/course/2147132/verb-complex/25",
      "course_url": 2147132
    }
  },
  {
    "model": "memrise.url",
    "pk": 122,
    "fields": {
      "name": "/course/2147132/verb-complex/26",
      "course_url": 2147132
    }
  },
  {
    "model": "memrise.url",
    "pk": 123,
    "fields": {
      "name": "/course/2147132/verb-complex/27",
      "course_url": 2147132
    }
  },
  {
    "model": "memrise.url",
    "pk": 124,
    "fields": {
      "name": "/course/2147132/verb-complex/28",
      "course_url": 2147132
    }
  },
  {
    "model": "memrise.url",
    "pk": 125,
    "fields": {
      "name": "/course/2147132/verb-complex/29",
      "course_url": 2147132
    }
  },
  {
    "model": "memrise.url",
    "pk": 126,
    "fields": {
      "name": "/course/2147132/verb-complex/30",
      "course_url": 2147132
    }
  },
  {
    "model": "memrise.url",
    "pk": 127,
    "fields": {
      "name": "/course/2147132/verb-complex/31",
      "course_url": 2147132
    }
  },
  {
    "model": "memrise.url",
    "pk": 128,
    "fields": {
      "name": "/course/2147132/verb-complex/32",
      "course_url": 2147132
    }
  },
  {
    "model": "memrise.url",
    "pk": 129,
    "fields": {
      "name": "/course/2147132/verb-complex/33",
      "course_url": 2147132
    }
  },
  {
    "model": "memrise.url",
    "pk": 130,
    "fields": {
      "name": "/course/2147132/verb-complex/34",
      "course_url": 2147132
    }
  },
  {
    "model": "memrise.url",
    "pk": 131,
    "fields": {
      "name": "/course/2147132/verb-complex/35",
      "course_url": 2147132
    }
  },
  {
    "model": "memrise.url",
    "pk": 132,
    "fields": {
      "name": "/course/2147132/verb-complex/36",
      "course_url": 2147132
    }
  },
  {
    "model": "memrise.url",
    "pk": 133,
    "fields": {
      "name": "/course/2147132/verb-complex/37",
      "course_url": 2147132
    }
  },
  {
    "model": "memrise.url",
    "pk": 134,
    "fields": {
      "name": "/course/2216150/phrasal-verbs/1",
      "course_url": 2216150
    }
  },
  {
    "model": "memrise.url",
    "pk": 135,
    "fields": {
      "name": "/course/2216150/phrasal-verbs/2",
      "course_url": 2216150
    }
  },
  {
    "model": "memrise.url",
    "pk": 136,
    "fields": {
      "name": "/course/2216150/phrasal-verbs/3",
      "course_url": 2216150
    }
  },
  {
    "model": "memrise.url",
    "pk": 137,
    "fields": {
      "name": "/course/5605650/animals/1",
      "course_url": 5605650
    }
  },
  {
    "model": "memrise.url",
    "pk": 138,
    "fields": {
      "name": "/course/5605650/animals/2",
      "course_url": 5605650
    }
  },
  {
    "model": "memrise.url",
    "pk": 139,
    "fields": {
      "name": "/course/5605650/animals/3",
      "course_url": 5605650
    }
  },
  {
    "model": "memrise.url",
    "pk": 140,
    "fields": {
      "name": "/course/5605650/animals/4",
      "course_url": 5605650
    }
  },
  {
    "model": "memrise.url",
    "pk": 141,
    "fields": {
      "name": "/course/5605650/animals/5",
      "course_url": 5605650
    }
  },
  {
    "model": "memrise.url",
    "pk": 142,
    "fields": {
      "name": "/course/5605650/animals/6",
      "course_url": 5605650
    }
  },
  {
    "model": "memrise.url",
    "pk": 143,
    "fields": {
      "name": "/course/5605650/animals/7",
      "course_url": 5605650
    }
  }
]